user_id,first_name,last_name,email
1,John,Smith,john.smith@example.com
2,Jack,Johnson,jack.johnson@example.com
3,Eve,Williams,eve.williams@example.com
4,Rose,Brown ,rose.brown@example.com
5,Harry,Jones,harry.jonesexample.com
6,John,Garcia,john.garcia@example.com
7,Jack,Smith,jack.smith@example.com
8,Eve,Johnson,eve.johnson@example.com
9,Rose,Williams,rose.williams@example.com
10,Harry,Brown ,harry.brown@example.com
1,John,Smith,john.smith@example.com
2,Jack,Johnson,jack.johnson@example.com
3,Eve,Williams,eve.williams@example.com
4,Rose,Brown ,rose.brown@example..com
